date,transaction_type,invoice_no,product_sku,product_name,quantity,rate,amount,party_name,payment_method,test_data
2026-07-01,sale,DEMO-S-0001,DEMO-UREA-45,DEMO UREA 45,1,300,300,DEMO Customer 1,cash,YES
2026-07-01,purchase,DEMO-P-0001,DEMO-UREA-45,DEMO UREA 45,20,258,5160,DEMO Supplier 1,bank,YES
2026-07-02,sale,DEMO-S-0002,DEMO-DAP-50,DEMO DAP 50,2,1400,2800,DEMO Customer 2,upi,YES
2026-07-03,sale,DEMO-S-0003,DEMO-NPK-50,DEMO NPK 50,3,1200,3600,DEMO Customer 3,credit,YES
2026-07-04,sale,DEMO-S-0004,DEMO-UREA-45,DEMO UREA 45,4,300,1200,DEMO Customer 1,cash,YES
2026-07-04,purchase,DEMO-P-0002,DEMO-UREA-45,DEMO UREA 45,35,258,9030,DEMO Supplier 2,bank,YES
2026-07-05,sale,DEMO-S-0005,DEMO-DAP-50,DEMO DAP 50,5,1400,7000,DEMO Customer 2,upi,YES
2026-07-06,sale,DEMO-S-0006,DEMO-NPK-50,DEMO NPK 50,6,1200,7200,DEMO Customer 3,credit,YES
2026-07-07,sale,DEMO-S-0007,DEMO-UREA-45,DEMO UREA 45,7,300,2100,DEMO Customer 1,cash,YES
2026-07-07,purchase,DEMO-P-0003,DEMO-UREA-45,DEMO UREA 45,25,258,6450,DEMO Supplier 1,bank,YES
2026-07-08,sale,DEMO-S-0008,DEMO-DAP-50,DEMO DAP 50,1,1400,1400,DEMO Customer 2,upi,YES
2026-07-09,sale,DEMO-S-0009,DEMO-NPK-50,DEMO NPK 50,2,1200,2400,DEMO Customer 3,credit,YES
2026-07-10,sale,DEMO-S-0010,DEMO-UREA-45,DEMO UREA 45,3,300,900,DEMO Customer 1,cash,YES
2026-07-10,purchase,DEMO-P-0004,DEMO-UREA-45,DEMO UREA 45,40,258,10320,DEMO Supplier 2,bank,YES
2026-07-11,sale,DEMO-S-0011,DEMO-DAP-50,DEMO DAP 50,4,1400,5600,DEMO Customer 2,upi,YES
2026-07-12,sale,DEMO-S-0012,DEMO-NPK-50,DEMO NPK 50,5,1200,6000,DEMO Customer 3,credit,YES
2026-07-13,sale,DEMO-S-0013,DEMO-UREA-45,DEMO UREA 45,6,300,1800,DEMO Customer 1,cash,YES
2026-07-13,purchase,DEMO-P-0005,DEMO-UREA-45,DEMO UREA 45,30,258,7740,DEMO Supplier 1,bank,YES
2026-07-14,sale,DEMO-S-0014,DEMO-DAP-50,DEMO DAP 50,7,1400,9800,DEMO Customer 2,upi,YES
2026-07-15,sale,DEMO-S-0015,DEMO-NPK-50,DEMO NPK 50,1,1200,1200,DEMO Customer 3,credit,YES
2026-07-16,sale,DEMO-S-0016,DEMO-UREA-45,DEMO UREA 45,2,300,600,DEMO Customer 1,cash,YES
2026-07-16,purchase,DEMO-P-0006,DEMO-UREA-45,DEMO UREA 45,20,258,5160,DEMO Supplier 2,bank,YES
2026-07-17,sale,DEMO-S-0017,DEMO-DAP-50,DEMO DAP 50,3,1400,4200,DEMO Customer 2,upi,YES
2026-07-18,sale,DEMO-S-0018,DEMO-NPK-50,DEMO NPK 50,4,1200,4800,DEMO Customer 3,credit,YES
2026-07-19,sale,DEMO-S-0019,DEMO-UREA-45,DEMO UREA 45,5,300,1500,DEMO Customer 1,cash,YES
2026-07-19,purchase,DEMO-P-0007,DEMO-UREA-45,DEMO UREA 45,35,258,9030,DEMO Supplier 1,bank,YES
2026-07-20,sale,DEMO-S-0020,DEMO-DAP-50,DEMO DAP 50,6,1400,8400,DEMO Customer 2,upi,YES
2026-07-21,sale,DEMO-S-0021,DEMO-NPK-50,DEMO NPK 50,7,1200,8400,DEMO Customer 3,credit,YES
2026-07-22,sale,DEMO-S-0022,DEMO-UREA-45,DEMO UREA 45,1,300,300,DEMO Customer 1,cash,YES
2026-07-22,purchase,DEMO-P-0008,DEMO-UREA-45,DEMO UREA 45,25,258,6450,DEMO Supplier 2,bank,YES
2026-07-23,sale,DEMO-S-0023,DEMO-DAP-50,DEMO DAP 50,2,1400,2800,DEMO Customer 2,upi,YES
2026-07-24,sale,DEMO-S-0024,DEMO-NPK-50,DEMO NPK 50,3,1200,3600,DEMO Customer 3,credit,YES
2026-07-25,sale,DEMO-S-0025,DEMO-UREA-45,DEMO UREA 45,4,300,1200,DEMO Customer 1,cash,YES
2026-07-25,purchase,DEMO-P-0009,DEMO-UREA-45,DEMO UREA 45,40,258,10320,DEMO Supplier 1,bank,YES
2026-07-26,sale,DEMO-S-0026,DEMO-DAP-50,DEMO DAP 50,5,1400,7000,DEMO Customer 2,upi,YES
2026-07-27,sale,DEMO-S-0027,DEMO-NPK-50,DEMO NPK 50,6,1200,7200,DEMO Customer 3,credit,YES
2026-07-28,sale,DEMO-S-0028,DEMO-UREA-45,DEMO UREA 45,7,300,2100,DEMO Customer 1,cash,YES
2026-07-28,purchase,DEMO-P-0010,DEMO-UREA-45,DEMO UREA 45,30,258,7740,DEMO Supplier 2,bank,YES
2026-07-29,sale,DEMO-S-0029,DEMO-DAP-50,DEMO DAP 50,1,1400,1400,DEMO Customer 2,upi,YES
2026-07-30,sale,DEMO-S-0030,DEMO-NPK-50,DEMO NPK 50,2,1200,2400,DEMO Customer 3,credit,YES
2026-07-31,sale,DEMO-S-0031,DEMO-UREA-45,DEMO UREA 45,3,300,900,DEMO Customer 1,cash,YES
2026-07-31,purchase,DEMO-P-0011,DEMO-UREA-45,DEMO UREA 45,20,258,5160,DEMO Supplier 1,bank,YES
2026-08-01,sale,DEMO-S-0032,DEMO-DAP-50,DEMO DAP 50,4,1400,5600,DEMO Customer 2,upi,YES
2026-08-02,sale,DEMO-S-0033,DEMO-NPK-50,DEMO NPK 50,5,1200,6000,DEMO Customer 3,credit,YES
2026-08-03,sale,DEMO-S-0034,DEMO-UREA-45,DEMO UREA 45,6,300,1800,DEMO Customer 1,cash,YES
2026-08-03,purchase,DEMO-P-0012,DEMO-UREA-45,DEMO UREA 45,35,258,9030,DEMO Supplier 2,bank,YES
2026-08-04,sale,DEMO-S-0035,DEMO-DAP-50,DEMO DAP 50,7,1400,9800,DEMO Customer 2,upi,YES
2026-08-05,sale,DEMO-S-0036,DEMO-NPK-50,DEMO NPK 50,1,1200,1200,DEMO Customer 3,credit,YES
2026-08-06,sale,DEMO-S-0037,DEMO-UREA-45,DEMO UREA 45,2,300,600,DEMO Customer 1,cash,YES
2026-08-06,purchase,DEMO-P-0013,DEMO-UREA-45,DEMO UREA 45,25,258,6450,DEMO Supplier 1,bank,YES
2026-08-07,sale,DEMO-S-0038,DEMO-DAP-50,DEMO DAP 50,3,1400,4200,DEMO Customer 2,upi,YES
2026-08-08,sale,DEMO-S-0039,DEMO-NPK-50,DEMO NPK 50,4,1200,4800,DEMO Customer 3,credit,YES
2026-08-09,sale,DEMO-S-0040,DEMO-UREA-45,DEMO UREA 45,5,300,1500,DEMO Customer 1,cash,YES
2026-08-09,purchase,DEMO-P-0014,DEMO-UREA-45,DEMO UREA 45,40,258,10320,DEMO Supplier 2,bank,YES
2026-08-10,sale,DEMO-S-0041,DEMO-DAP-50,DEMO DAP 50,6,1400,8400,DEMO Customer 2,upi,YES
2026-08-11,sale,DEMO-S-0042,DEMO-NPK-50,DEMO NPK 50,7,1200,8400,DEMO Customer 3,credit,YES
2026-08-12,sale,DEMO-S-0043,DEMO-UREA-45,DEMO UREA 45,1,300,300,DEMO Customer 1,cash,YES
2026-08-12,purchase,DEMO-P-0015,DEMO-UREA-45,DEMO UREA 45,30,258,7740,DEMO Supplier 1,bank,YES
2026-08-13,sale,DEMO-S-0044,DEMO-DAP-50,DEMO DAP 50,2,1400,2800,DEMO Customer 2,upi,YES
2026-08-14,sale,DEMO-S-0045,DEMO-NPK-50,DEMO NPK 50,3,1200,3600,DEMO Customer 3,credit,YES
2026-08-15,sale,DEMO-S-0046,DEMO-UREA-45,DEMO UREA 45,4,300,1200,DEMO Customer 1,cash,YES
2026-08-15,purchase,DEMO-P-0016,DEMO-UREA-45,DEMO UREA 45,20,258,5160,DEMO Supplier 2,bank,YES
2026-08-16,sale,DEMO-S-0047,DEMO-DAP-50,DEMO DAP 50,5,1400,7000,DEMO Customer 2,upi,YES
2026-08-17,sale,DEMO-S-0048,DEMO-NPK-50,DEMO NPK 50,6,1200,7200,DEMO Customer 3,credit,YES
2026-08-18,sale,DEMO-S-0049,DEMO-UREA-45,DEMO UREA 45,7,300,2100,DEMO Customer 1,cash,YES
2026-08-18,purchase,DEMO-P-0017,DEMO-UREA-45,DEMO UREA 45,35,258,9030,DEMO Supplier 1,bank,YES
2026-08-19,sale,DEMO-S-0050,DEMO-DAP-50,DEMO DAP 50,1,1400,1400,DEMO Customer 2,upi,YES
2026-08-20,sale,DEMO-S-0051,DEMO-NPK-50,DEMO NPK 50,2,1200,2400,DEMO Customer 3,credit,YES
2026-08-21,sale,DEMO-S-0052,DEMO-UREA-45,DEMO UREA 45,3,300,900,DEMO Customer 1,cash,YES
2026-08-21,purchase,DEMO-P-0018,DEMO-UREA-45,DEMO UREA 45,25,258,6450,DEMO Supplier 2,bank,YES
2026-08-22,sale,DEMO-S-0053,DEMO-DAP-50,DEMO DAP 50,4,1400,5600,DEMO Customer 2,upi,YES
2026-08-23,sale,DEMO-S-0054,DEMO-NPK-50,DEMO NPK 50,5,1200,6000,DEMO Customer 3,credit,YES
2026-08-24,sale,DEMO-S-0055,DEMO-UREA-45,DEMO UREA 45,6,300,1800,DEMO Customer 1,cash,YES
2026-08-24,purchase,DEMO-P-0019,DEMO-UREA-45,DEMO UREA 45,40,258,10320,DEMO Supplier 1,bank,YES
2026-08-25,sale,DEMO-S-0056,DEMO-DAP-50,DEMO DAP 50,7,1400,9800,DEMO Customer 2,upi,YES
2026-08-26,sale,DEMO-S-0057,DEMO-NPK-50,DEMO NPK 50,1,1200,1200,DEMO Customer 3,credit,YES
2026-08-27,sale,DEMO-S-0058,DEMO-UREA-45,DEMO UREA 45,2,300,600,DEMO Customer 1,cash,YES
2026-08-27,purchase,DEMO-P-0020,DEMO-UREA-45,DEMO UREA 45,30,258,7740,DEMO Supplier 2,bank,YES
2026-08-28,sale,DEMO-S-0059,DEMO-DAP-50,DEMO DAP 50,3,1400,4200,DEMO Customer 2,upi,YES
2026-08-29,sale,DEMO-S-0060,DEMO-NPK-50,DEMO NPK 50,4,1200,4800,DEMO Customer 3,credit,YES
2026-08-30,sale,DEMO-S-0061,DEMO-UREA-45,DEMO UREA 45,5,300,1500,DEMO Customer 1,cash,YES
2026-08-30,purchase,DEMO-P-0021,DEMO-UREA-45,DEMO UREA 45,20,258,5160,DEMO Supplier 1,bank,YES
2026-08-31,sale,DEMO-S-0062,DEMO-DAP-50,DEMO DAP 50,6,1400,8400,DEMO Customer 2,upi,YES
2026-09-01,sale,DEMO-S-0063,DEMO-NPK-50,DEMO NPK 50,7,1200,8400,DEMO Customer 3,credit,YES
2026-09-02,sale,DEMO-S-0064,DEMO-UREA-45,DEMO UREA 45,1,300,300,DEMO Customer 1,cash,YES
2026-09-02,purchase,DEMO-P-0022,DEMO-UREA-45,DEMO UREA 45,35,258,9030,DEMO Supplier 2,bank,YES
2026-09-03,sale,DEMO-S-0065,DEMO-DAP-50,DEMO DAP 50,2,1400,2800,DEMO Customer 2,upi,YES
2026-09-04,sale,DEMO-S-0066,DEMO-NPK-50,DEMO NPK 50,3,1200,3600,DEMO Customer 3,credit,YES
2026-09-05,sale,DEMO-S-0067,DEMO-UREA-45,DEMO UREA 45,4,300,1200,DEMO Customer 1,cash,YES
2026-09-05,purchase,DEMO-P-0023,DEMO-UREA-45,DEMO UREA 45,25,258,6450,DEMO Supplier 1,bank,YES
2026-09-06,sale,DEMO-S-0068,DEMO-DAP-50,DEMO DAP 50,5,1400,7000,DEMO Customer 2,upi,YES
2026-09-07,sale,DEMO-S-0069,DEMO-NPK-50,DEMO NPK 50,6,1200,7200,DEMO Customer 3,credit,YES
2026-09-08,sale,DEMO-S-0070,DEMO-UREA-45,DEMO UREA 45,7,300,2100,DEMO Customer 1,cash,YES
2026-09-08,purchase,DEMO-P-0024,DEMO-UREA-45,DEMO UREA 45,40,258,10320,DEMO Supplier 2,bank,YES
2026-09-09,sale,DEMO-S-0071,DEMO-DAP-50,DEMO DAP 50,1,1400,1400,DEMO Customer 2,upi,YES
2026-09-10,sale,DEMO-S-0072,DEMO-NPK-50,DEMO NPK 50,2,1200,2400,DEMO Customer 3,credit,YES
2026-09-11,sale,DEMO-S-0073,DEMO-UREA-45,DEMO UREA 45,3,300,900,DEMO Customer 1,cash,YES
2026-09-11,purchase,DEMO-P-0025,DEMO-UREA-45,DEMO UREA 45,30,258,7740,DEMO Supplier 1,bank,YES
2026-09-12,sale,DEMO-S-0074,DEMO-DAP-50,DEMO DAP 50,4,1400,5600,DEMO Customer 2,upi,YES
2026-09-13,sale,DEMO-S-0075,DEMO-NPK-50,DEMO NPK 50,5,1200,6000,DEMO Customer 3,credit,YES
2026-09-14,sale,DEMO-S-0076,DEMO-UREA-45,DEMO UREA 45,6,300,1800,DEMO Customer 1,cash,YES
2026-09-14,purchase,DEMO-P-0026,DEMO-UREA-45,DEMO UREA 45,20,258,5160,DEMO Supplier 2,bank,YES
2026-09-15,sale,DEMO-S-0077,DEMO-DAP-50,DEMO DAP 50,7,1400,9800,DEMO Customer 2,upi,YES
2026-09-16,sale,DEMO-S-0078,DEMO-NPK-50,DEMO NPK 50,1,1200,1200,DEMO Customer 3,credit,YES
2026-09-17,sale,DEMO-S-0079,DEMO-UREA-45,DEMO UREA 45,2,300,600,DEMO Customer 1,cash,YES
2026-09-17,purchase,DEMO-P-0027,DEMO-UREA-45,DEMO UREA 45,35,258,9030,DEMO Supplier 1,bank,YES
2026-09-18,sale,DEMO-S-0080,DEMO-DAP-50,DEMO DAP 50,3,1400,4200,DEMO Customer 2,upi,YES
2026-09-19,sale,DEMO-S-0081,DEMO-NPK-50,DEMO NPK 50,4,1200,4800,DEMO Customer 3,credit,YES
2026-09-20,sale,DEMO-S-0082,DEMO-UREA-45,DEMO UREA 45,5,300,1500,DEMO Customer 1,cash,YES
2026-09-20,purchase,DEMO-P-0028,DEMO-UREA-45,DEMO UREA 45,25,258,6450,DEMO Supplier 2,bank,YES
2026-09-21,sale,DEMO-S-0083,DEMO-DAP-50,DEMO DAP 50,6,1400,8400,DEMO Customer 2,upi,YES
2026-09-22,sale,DEMO-S-0084,DEMO-NPK-50,DEMO NPK 50,7,1200,8400,DEMO Customer 3,credit,YES
2026-09-23,sale,DEMO-S-0085,DEMO-UREA-45,DEMO UREA 45,1,300,300,DEMO Customer 1,cash,YES
2026-09-23,purchase,DEMO-P-0029,DEMO-UREA-45,DEMO UREA 45,40,258,10320,DEMO Supplier 1,bank,YES
2026-09-24,sale,DEMO-S-0086,DEMO-DAP-50,DEMO DAP 50,2,1400,2800,DEMO Customer 2,upi,YES
2026-09-25,sale,DEMO-S-0087,DEMO-NPK-50,DEMO NPK 50,3,1200,3600,DEMO Customer 3,credit,YES
2026-09-26,sale,DEMO-S-0088,DEMO-UREA-45,DEMO UREA 45,4,300,1200,DEMO Customer 1,cash,YES
2026-09-26,purchase,DEMO-P-0030,DEMO-UREA-45,DEMO UREA 45,30,258,7740,DEMO Supplier 2,bank,YES
2026-09-27,sale,DEMO-S-0089,DEMO-DAP-50,DEMO DAP 50,5,1400,7000,DEMO Customer 2,upi,YES
2026-09-28,sale,DEMO-S-0090,DEMO-NPK-50,DEMO NPK 50,6,1200,7200,DEMO Customer 3,credit,YES
2026-09-29,sale,DEMO-S-0091,DEMO-UREA-45,DEMO UREA 45,7,300,2100,DEMO Customer 1,cash,YES
2026-09-29,purchase,DEMO-P-0031,DEMO-UREA-45,DEMO UREA 45,20,258,5160,DEMO Supplier 1,bank,YES
2026-09-30,sale,DEMO-S-0092,DEMO-DAP-50,DEMO DAP 50,1,1400,1400,DEMO Customer 2,upi,YES
